brand_name,provider_id,city_name,account_manager_name,segment,gmv_feb_2026_eur,had_sponsored_listing
Duck Please Володимирська,8264,Kyiv,Marta Vaskina,SMB (AM Segment),8426.73,No
T-Bone Prime Beef,12909,Kyiv,Marina Georgieva,SMB (AM Segment),6201.45,No
Duck Please Дніпровська набережна,12625,Kyiv,Marta Vaskina,SMB (AM Segment),5686.92,No
Taco Taco taqueria,32428,Lviv,Mykyta Maliarchuk,SMB (AM Segment),5128.92,No
Tasty tail,69876,Lviv,Mykyta Maliarchuk,SMB (AM Segment),4989.42,No
Tangerine,126168,Kharkiv,Mykyta Maliarchuk,SMB (AM Segment),4767.6,No
Грузинський,121900,Lviv,Vadym Bardysh,SMB (AM Segment),4685.91,No
Амерікано,39703,Lviv,Mykyta Maliarchuk,SMB (AM Segment),4477.97,No
Sushi Lover,131622,Kyiv,Mykyta Maliarchuk,SMB (AM Segment),4452.33,No
Yalla вул. Гончара,103975,Kyiv,Marta Vaskina,SMB (AM Segment),4411.68,No
Some like it hot,110980,Kharkiv,Mykyta Maliarchuk,SMB (AM Segment),4245.96,No
OG Burger,76472,Kyiv,Marta Vaskina,SMB (AM Segment),4237.05,No
Si,110888,Kyiv,Stefaniia Oznobishyna,SMB (AM Segment),4176.18,No
Casa Lora,64591,Kyiv,Stefaniia Oznobishyna,SMB (AM Segment),4007.61,No
Fugazzeta,33734,Lviv,Mykyta Maliarchuk,SMB (AM Segment),3822.57,No
Asia Go,80596,Kyiv,Vadym Bardysh,SMB (AM Segment),3537.82,Yes
PanAzia Скрипника,73597,Kharkiv,Mykyta Maliarchuk,SMB (AM Segment),3514.19,No
Марчук Хліб на Межигірській,168737,Kyiv,Mykyta Maliarchuk,SMB (AM Segment),3335.21,Yes
АППЕТІТО Рибалко,63174,Kharkiv,Mykyta Maliarchuk,SMB (AM Segment),3320.31,No
КУХМЕЙСТЕР,19265,Kyiv,Stefaniia Oznobishyna,SMB (AM Segment),3306.33,No
Я люблю кебаб вул. Патона,147235,Lviv,Mykyta Maliarchuk,SMB (AM Segment),3180.75,No
BUDUSUSHI Драгоманова,54551,Kyiv,,SMB (AM Segment),3144.77,No
Marymo,120175,Lviv,Mykyta Maliarchuk,SMB (AM Segment),3118.74,No
Рибка з неба,124722,Kyiv,Marina Georgieva,SMB (AM Segment),3030.03,No
Гімалаї,8758,Kyiv,Stefaniia Oznobishyna,SMB (AM Segment),3011.49,No
FRUIT+VEG (ex ORANG+UTAN),8534,Kyiv,Marina Georgieva,SMB (AM Segment),2978.15,No
SHASHLIKE,73864,Lviv,Mykyta Maliarchuk,SMB (AM Segment),2976.1,No
Шаурма 5 зірок,44844,Kyiv,Marina Georgieva,SMB (AM Segment),2965.6,No
ITALIST PROSECCO BAR,11227,Kyiv,Stefaniia Oznobishyna,SMB (AM Segment),2965.48,No
PARRILLA,116749,Lviv,Sviatoslav Yurchuk,SMB (AM Segment),2933.87,Yes
Італійська Редакція,44908,Kyiv,Nataliia Klymas,SMB (AM Segment),2923.86,No
Валіко,89052,Vinnytsia,Mykyta Maliarchuk,SMB (AM Segment),2901.91,No
Djotto,190260,Kyiv,,SMB (AM Segment),2850.71,No
ITALIANA Pizza & Pasta,119268,Lviv,Mykyta Maliarchuk,SMB (AM Segment),2849.71,No
Nice Guys,33742,Lviv,Mykyta Maliarchuk,SMB (AM Segment),2848.52,No
по КЕБАБу?,85344,Lviv,Mykyta Maliarchuk,SMB (AM Segment),2809.89,No
Kraft Burger,31715,Lviv,Mykyta Maliarchuk,SMB (AM Segment),2774.44,No
Органіка - ресторан живої кухні,158583,Lviv,Mykyta Maliarchuk,SMB (AM Segment),2735.32,Yes
RAMEN MO,189425,Lviv,,SMB (AM Segment),2730.66,No
"Ресторан ""Три Корони""",30285,Lviv,Mykyta Maliarchuk,SMB (AM Segment),2719.11,No
Pasta la Pepito,20827,Kyiv,Marina Georgieva,SMB (AM Segment),2662.52,No
АППЕТІТО Гвардійців Широнінців,63164,Kharkiv,Mykyta Maliarchuk,SMB (AM Segment),2646.47,No
ЗаВарені,179719,Lviv,Marina Georgieva,SMB (AM Segment),2610.68,No
BESTia,34351,Kyiv,Marina Georgieva,SMB (AM Segment),2601.61,No
HUM HUM,10760,Kyiv,Stefaniia Oznobishyna,SMB (AM Segment),2494.48,No
SHO,8079,Kyiv,Mykyta Maliarchuk,SMB (AM Segment),2465.37,No
Cheese Bakery,92843,Lviv,Mykyta Maliarchuk,SMB (AM Segment),2458.14,No
de More,86268,Kyiv,Mykyta Maliarchuk,SMB (AM Segment),2420.89,No
NAM,9651,Kyiv,Mykyta Maliarchuk,SMB (AM Segment),2418.24,No
Ярославський,99891,Kharkiv,Stefaniia Oznobishyna,SMB (AM Segment),2411.06,No
The Burger Arena,8019,Kyiv,Marina Georgieva,SMB (AM Segment),2386.4,No
Black cat,120982,Kharkiv,Stefaniia Oznobishyna,SMB (AM Segment),2384.51,No
Паштет пр. Перемоги,11257,Kyiv,Nataliia Klymas,SMB (AM Segment),2378.91,No
Marani,15951,Kyiv,Nataliia Klymas,SMB (AM Segment),2352.06,No
Зигзаг,12113,Kyiv,Marina Georgieva,SMB (AM Segment),2334.9,No
Love&Lviv cafe,120582,Lviv,Mykyta Maliarchuk,SMB (AM Segment),2327.34,No
Beirut Cafe,123733,Kyiv,Stefaniia Oznobishyna,SMB (AM Segment),2291.75,No
YUM YUM Respublika,113960,Kyiv,Stefaniia Oznobishyna,SMB (AM Segment),2274.72,No
Plate,79883,Kyiv,Marina Georgieva,SMB (AM Segment),2270.71,No
Lotus - Indian Cafe,125684,Lviv,Mykyta Maliarchuk,SMB (AM Segment),2264.78,No
Megobari вул. Гната Юри,124724,Kyiv,Marina Georgieva,SMB (AM Segment),2257.73,No
GASTRO FISH,104090,Kharkiv,Mykyta Maliarchuk,SMB (AM Segment),2248.83,No
Pizza Lover,131624,Kyiv,Stefaniia Oznobishyna,SMB (AM Segment),2211.53,No
ITALIANA Pizza & Pasta Довженка,149704,Lviv,Mykyta Maliarchuk,SMB (AM Segment),2203.13,No
"Вогень Кебаб, вул. Пантелеймона Куліша",129031,Lviv,Mykyta Maliarchuk,SMB (AM Segment),2198.26,No
t.c.pizza,15710,Kyiv,Mykyta Maliarchuk,SMB (AM Segment),2197.32,No
Смакота,125913,Kharkiv,Mykyta Maliarchuk,SMB (AM Segment),2121.18,No
Сицилійський дворик,87671,Lviv,Mykyta Maliarchuk,SMB (AM Segment),2111.91,No
Red Monkey Замарстинівська,121490,Lviv,Vadym Bardysh,SMB (AM Segment),2101.77,No
DONER LAND (Кебаб),157229,Lviv,Mykyta Maliarchuk,SMB (AM Segment),2073.23,Yes
Kimbap Hub,119329,Vinnytsia,Mykyta Maliarchuk,SMB (AM Segment),2054.68,No
Umami Lab,110887,Kyiv,Stefaniia Oznobishyna,SMB (AM Segment),2053.62,No
Art sushi Драгоманова,68463,Kyiv,Marina Georgieva,SMB (AM Segment),2004.16,No
Rozmarin,62053,Kyiv,Stefaniia Oznobishyna,SMB (AM Segment),2000.03,No
Bistro Dash / Бістро Даш,134483,Kyiv,Stefaniia Oznobishyna,SMB (AM Segment),1981.78,No
Burger Farm на бульварі Шевченко,10642,Kyiv,Marina Georgieva,SMB (AM Segment),1972.55,No
The Cake,7995,Kyiv,Stefaniia Oznobishyna,SMB (AM Segment),1971.25,No
Sushi Time,44555,Lviv,Mykyta Maliarchuk,SMB (AM Segment),1956.19,No
Norven вул. Максимовича,111190,Kyiv,Marina Georgieva,SMB (AM Segment),1955.98,No
Yalla вул. Амвросія Бучми,71186,Kyiv,Marta Vaskina,SMB (AM Segment),1935.54,No
Шаурма 88 Café-bistro,63025,Kyiv,Mykyta Maliarchuk,SMB (AM Segment),1915.82,No
Beef Burger,56802,Kyiv,Stefaniia Oznobishyna,SMB (AM Segment),1906.81,No
"""Філін"" пров. Куренівський",152139,Kyiv,Marina Georgieva,SMB (AM Segment),1898.93,No
Ресторан «ГОСТІДЗЕ» Малишка,75913,Kyiv,Nataliia Klymas,SMB (AM Segment),1890.5,No
Бургерна 90-го рівня,20164,Kyiv,Stefaniia Oznobishyna,SMB (AM Segment),1883.73,No
MONPARK,114802,Kyiv,Mykyta Maliarchuk,SMB (AM Segment),1864.51,No
Альпака кафе,83283,Kyiv,Stefaniia Oznobishyna,SMB (AM Segment),1855.78,No
ШашличОК,95792,Kyiv,Mykyta Maliarchuk,SMB (AM Segment),1851.08,No
Піта та Дамаск,150709,Kyiv,Stefaniia Oznobishyna,SMB (AM Segment),1849.19,No
Fat Daddy Burgers Княжий Затон,11839,Kyiv,Stefaniia Oznobishyna,SMB (AM Segment),1840.91,No
Ebi sushi,141092,Kyiv,Stefaniia Oznobishyna,SMB (AM Segment),1800.9,No
Галицький Кебаб,180613,Lviv,Mykyta Maliarchuk,SMB (AM Segment),1794.96,No
Little Mariupol,144463,Lviv,Stefaniia Oznobishyna,SMB (AM Segment),1787.44,No
Українські Традиції,174411,Kharkiv,Marina Georgieva,SMB (AM Segment),1783.11,No
BAZA Street Food на Кульпарківській,165131,Lviv,Vadym Bardysh,SMB (AM Segment),1781.39,No
Burger CLUB Академіка Павлова,75170,Kharkiv,Stefaniia Oznobishyna,SMB (AM Segment),1765.32,No
Чеза,65892,Kharkiv,Stefaniia Oznobishyna,SMB (AM Segment),1764.11,No
Кебаб Супер,102731,Lviv,Mykyta Maliarchuk,SMB (AM Segment),1754.32,No
Нова Провінція,190052,Vinnytsia,,SMB (AM Segment),1726.76,No
Суші-бар Інь-Янь,92477,Vinnytsia,Mykyta Maliarchuk,SMB (AM Segment),1724.76,No
Megobari вул. Максима Кривоноса,124725,Kyiv,Marina Georgieva,SMB (AM Segment),1724.6,No
99 ЛАРІ,62286,Kyiv,Marina Georgieva,SMB (AM Segment),1708.08,No
Лезгинка вінниця,101159,Vinnytsia,Mykyta Maliarchuk,SMB (AM Segment),1696.34,No
Первак,20278,Kyiv,Marina Georgieva,SMB (AM Segment),1683.15,No
Sushi Nami,90313,Vinnytsia,Mykyta Maliarchuk,SMB (AM Segment),1682.0,Yes
Aroma espresso bar Ділова,8666,Kyiv,Mykyta Maliarchuk,SMB (AM Segment),1678.91,No
Фудмілс,123123,Lviv,Mykyta Maliarchuk,SMB (AM Segment),1673.51,No
Burger CLUB Героїв Праці,75169,Kharkiv,Stefaniia Oznobishyna,SMB (AM Segment),1663.33,No
Foodie Box,176907,Kyiv,Stefaniia Oznobishyna,SMB (AM Segment),1663.29,Yes
Пиріжкова,26702,Kharkiv,Mykyta Maliarchuk,SMB (AM Segment),1652.54,No
єМлинець,150166,Kharkiv,Stefaniia Oznobishyna,SMB (AM Segment),1642.43,No
Otaku Sushi,111935,Kyiv,Stefaniia Oznobishyna,SMB (AM Segment),1634.03,No
Kitchen Polly пр. Голосіївський,47540,Kyiv,Nataliia Klymas,SMB (AM Segment),1626.0,No
CHIBA Bar&Kitchen,77454,Kyiv,Mykyta Maliarchuk,SMB (AM Segment),1619.26,No
KREMOVA,132731,Kyiv,Marina Georgieva,SMB (AM Segment),1615.21,No
"Ресторан-мікс ""МОНТАНА""",73602,Kharkiv,Stefaniia Oznobishyna,SMB (AM Segment),1603.39,No
TastyTime вул. Л Сердюка,128066,Kharkiv,Marina Georgieva,SMB (AM Segment),1570.46,No
Асса,71195,Vinnytsia,Mykyta Maliarchuk,SMB (AM Segment),1569.74,No
Доставка суші “РИС“,96213,Kharkiv,Marina Georgieva,SMB (AM Segment),1565.03,No
STATION PIZZA просп. Петра Григоренка,144545,Kyiv,Stefaniia Oznobishyna,SMB (AM Segment),1558.2,No
Укуси Рибу | Суші WOK Бургери,64082,Kyiv,Stefaniia Oznobishyna,SMB (AM Segment),1557.03,No
Місіс Боул вул. Вадима Гетьмана,139987,Kyiv,Stefaniia Oznobishyna,SMB (AM Segment),1537.15,No
PastaChef,37004,Kyiv,Marina Georgieva,SMB (AM Segment),1535.74,Yes
BARAKAT DONER,80201,Kyiv,Stefaniia Oznobishyna,SMB (AM Segment),1532.77,No
Kitchen Polly Січових Стрільців,47541,Kyiv,Nataliia Klymas,SMB (AM Segment),1508.13,No
SUGAR&SALT,121210,Kharkiv,Mykyta Maliarchuk,SMB (AM Segment),1497.82,No
Будьмо,120510,Vinnytsia,Mykyta Maliarchuk,SMB (AM Segment),1495.35,No
Зашкварка,190755,Lviv,,SMB (AM Segment),1479.65,No
Live. Love. Avocado,117242,Kharkiv,Mykyta Maliarchuk,SMB (AM Segment),1478.43,No
Бістро Perfetto,36527,Lviv,Mykyta Maliarchuk,SMB (AM Segment),1473.5,No
Вино і М'ясо Наукова,65677,Lviv,Mykyta Maliarchuk,SMB (AM Segment),1472.21,No
Хінкальня Gogi Дніпровська набережна,11879,Kyiv,Nataliia Klymas,SMB (AM Segment),1457.76,No
Думки на смак,92431,Kyiv,Stefaniia Oznobishyna,SMB (AM Segment),1457.04,No
Gogi Льва Толстого,13343,Kyiv,Nataliia Klymas,SMB (AM Segment),1444.25,No
Шашлик від СІМЕЙНА ШАУРМА,185560,Kyiv,Stefaniia Oznobishyna,SMB (AM Segment),1429.12,No
Jord,69927,Kharkiv,Stefaniia Oznobishyna,SMB (AM Segment),1427.58,No
Monkey Sushi,86741,Lviv,Stefaniia Oznobishyna,SMB (AM Segment),1404.47,No
Sushi Nice Gatne,151223,Kyiv,Marina Georgieva,SMB (AM Segment),1404.08,No
Радіо Тбілісі,57175,Kyiv,Mykyta Maliarchuk,SMB (AM Segment),1401.97,No
PAUL Ярославів Вал,10352,Kyiv,Mykyta Maliarchuk,SMB (AM Segment),1386.46,No
Pyvna Duma Драгоманова,39074,Kyiv,Marina Georgieva,SMB (AM Segment),1384.76,No
STARGOOSE DONER Сім'ї Хохлових,65517,Kyiv,Stefaniia Oznobishyna,SMB (AM Segment),1383.85,No
TIME Bar,120766,Kyiv,Mykyta Maliarchuk,SMB (AM Segment),1375.09,No
Red Monkey Героїв УПА,144563,Lviv,Vadym Bardysh,SMB (AM Segment),1363.58,No
Lucky Beer,149899,Kyiv,Marina Georgieva,SMB (AM Segment),1350.64,No
Tasty Corpus,122992,Vinnytsia,Mykyta Maliarchuk,SMB (AM Segment),1350.43,No
PAKO,108230,Vinnytsia,Mykyta Maliarchuk,SMB (AM Segment),1345.46,No
OG Burger Русанівська набережна,89670,Kyiv,Marta Vaskina,SMB (AM Segment),1345.19,No
УЛАВАШІ на ХТЗ,143992,Kharkiv,Mykyta Maliarchuk,SMB (AM Segment),1336.22,No
Софра Смак Криму Кловський узвіз,8796,Kyiv,Stefaniia Oznobishyna,SMB (AM Segment),1333.82,No
Майоран,43444,Lviv,Mykyta Maliarchuk,SMB (AM Segment),1332.42,No
Quasar Крипто Кебаб,119924,Kyiv,Mykyta Maliarchuk,SMB (AM Segment),1324.07,No
Шаурма227,136402,Kharkiv,Mykyta Maliarchuk,SMB (AM Segment),1323.56,No
Adriano Pizza,13125,Kyiv,Stefaniia Oznobishyna,SMB (AM Segment),1318.32,No
Ash Mangal,35482,Kyiv,Stefaniia Oznobishyna,SMB (AM Segment),1308.78,No
Спільнота кафе,93192,Kyiv,Marina Georgieva,SMB (AM Segment),1308.66,No
PANCAKE MILL,20674,Kyiv,Stefaniia Oznobishyna,SMB (AM Segment),1304.35,No
Кафе та фермерська крамниця «Сніданішна»,96192,Kharkiv,Stefaniia Oznobishyna,SMB (AM Segment),1303.25,No
Sushi Nice Retroville,151228,Kyiv,Marina Georgieva,SMB (AM Segment),1300.02,No
Kometa,30663,Kyiv,Marina Georgieva,SMB (AM Segment),1286.87,No
Дом Піци,90031,Kharkiv,Mykyta Maliarchuk,SMB (AM Segment),1286.48,No
Кумпель на Ринку,33112,Lviv,Stefaniia Oznobishyna,SMB (AM Segment),1286.12,No
Шаурма по грузинськи G1,133011,Kyiv,Mykyta Maliarchuk,SMB (AM Segment),1283.51,No
Family Sushi Гатне,131424,Kyiv,Mykyta Maliarchuk,SMB (AM Segment),1278.9,No
VARYK,166441,Kyiv,Stefaniia Oznobishyna,SMB (AM Segment),1278.72,No
ДУМКИ НА СМАК,120579,Kharkiv,Stefaniia Oznobishyna,SMB (AM Segment),1276.92,No
Kolos,76711,Lviv,Mykyta Maliarchuk,SMB (AM Segment),1276.79,No
Chili pizza Коцюбинського,76477,Vinnytsia,Mykyta Maliarchuk,SMB (AM Segment),1273.92,No
Cheese Pizza/Чіз Піца,171229,Kharkiv,Marina Georgieva,SMB (AM Segment),1261.13,No
Шашлична №1,116013,Kyiv,Marina Georgieva,SMB (AM Segment),1255.93,No
buduБорщ cafe,56389,Kyiv,Mykyta Maliarchuk,SMB (AM Segment),1255.58,No
Їстетика Предславинська,118904,Kyiv,Mykyta Maliarchuk,SMB (AM Segment),1241.91,No
Пивна ресторація KARABAS,190049,Vinnytsia,,SMB (AM Segment),1240.25,No
Rise cafe,124090,Kyiv,Stefaniia Oznobishyna,SMB (AM Segment),1234.79,No
Shaurma G1 Данила Щербакова,138859,Kyiv,Mykyta Maliarchuk,SMB (AM Segment),1231.14,No
Вареники і пельмені вул. Отакара Яроша,25246,Kharkiv,Stefaniia Oznobishyna,SMB (AM Segment),1218.81,No
Свіжість Січових стрільців,18186,Kyiv,Marina Georgieva,SMB (AM Segment),1213.94,Yes
GIANNIVINO,185536,Kyiv,Marina Georgieva,SMB (AM Segment),1201.28,No
Піцерія Pizzazza / Піцаца,30147,Kyiv,Marina Georgieva,SMB (AM Segment),1200.19,No
Золотий чебурек,96860,Kyiv,Mykyta Maliarchuk,SMB (AM Segment),1190.22,No
Ресторан Patio,23064,Kyiv,Stefaniia Oznobishyna,SMB (AM Segment),1188.14,No
BurBurger Соборності,11938,Kyiv,Mykyta Maliarchuk,SMB (AM Segment),1187.46,No
Fami.italy,95622,Lviv,Mykyta Maliarchuk,SMB (AM Segment),1187.09,No
Ресторація Влтава,47706,Vinnytsia,Mykyta Maliarchuk,SMB (AM Segment),1184.61,No
Pizza 54 вул. С. Петлюри,103510,Kyiv,Stefaniia Oznobishyna,SMB (AM Segment),1173.37,No
GTB - Grand Theft Bar,130762,Vinnytsia,Mykyta Maliarchuk,SMB (AM Segment),1172.67,No
Bonita burger Гетьманська,76187,Kyiv,Marina Georgieva,SMB (AM Segment),1166.04,No
Bao Casual,52763,Lviv,Marina Georgieva,SMB (AM Segment),1165.71,No
Beer Shop,185673,Vinnytsia,Mykyta Maliarchuk,SMB (AM Segment),1162.4,No
ШаурмуЇмо,145178,Kharkiv,Stefaniia Oznobishyna,SMB (AM Segment),1161.5,No
Real American Burger,82280,Kyiv,Marina Georgieva,SMB (AM Segment),1153.4,No
Green 13 Велика Житомирська,9302,Kyiv,Marina Georgieva,SMB (AM Segment),1150.78,No
Sky Food Валентинівська,119261,Kharkiv,Stefaniia Oznobishyna,SMB (AM Segment),1150.58,No
Chili Pizza Келецька,76479,Vinnytsia,Mykyta Maliarchuk,SMB (AM Segment),1141.67,No
Food Garage Героїв УПА,80136,Lviv,Marina Georgieva,SMB (AM Segment),1133.99,No
Javelin Food,130424,Kharkiv,Stefaniia Oznobishyna,SMB (AM Segment),1126.25,No
Vasha Shava,184650,Kyiv,Marina Georgieva,SMB (AM Segment),1126.07,No
Fami.burger,95335,Lviv,Mykyta Maliarchuk,SMB (AM Segment),1124.88,No
mr.шавуха,95804,Kharkiv,Mykyta Maliarchuk,SMB (AM Segment),1123.37,No
TBILISURI Шаурма/TBILISURI Shaurma,143682,Kyiv,Mykyta Maliarchuk,SMB (AM Segment),1113.07,No
Рис та Локшина,116390,Kyiv,Marina Georgieva,SMB (AM Segment),1108.62,No
Mclaud pub,78788,Vinnytsia,Stefaniia Oznobishyna,SMB (AM Segment),1104.03,No
ШЕФ-ПІЦА,56414,Kyiv,Stefaniia Oznobishyna,SMB (AM Segment),1098.22,No
Samsara Coffee&food,38658,Kyiv,Stefaniia Oznobishyna,SMB (AM Segment),1093.4,No
One Love Sushi Varshavsky,144708,Kyiv,Mykyta Maliarchuk,SMB (AM Segment),1087.0,No
Плов #1,125022,Kyiv,Mykyta Maliarchuk,SMB (AM Segment),1077.79,No
YOKAI,82794,Kharkiv,Marina Georgieva,SMB (AM Segment),1063.79,No
Forchino cafe,168144,Kyiv,Mykyta Maliarchuk,SMB (AM Segment),1063.59,No
Львівські млинці,32430,Lviv,Mykyta Maliarchuk,SMB (AM Segment),1062.24,No
УЛАВАШІ,100809,Kharkiv,Mykyta Maliarchuk,SMB (AM Segment),1060.52,No
Велика Трійка,113559,Lviv,Mykyta Maliarchuk,SMB (AM Segment),1054.35,No
Паста По-Київськи,65736,Kyiv,Stefaniia Oznobishyna,SMB (AM Segment),1053.74,No
КарнеМіт / CarneMeat,161773,Vinnytsia,Mykyta Maliarchuk,SMB (AM Segment),1044.04,No
O’zero,86086,Kyiv,Mykyta Maliarchuk,SMB (AM Segment),1042.6,No
Тбілісі,66903,Kyiv,Stefaniia Oznobishyna,SMB (AM Segment),1040.11,No
Mis Li пл. Калічанська,106424,Vinnytsia,Mykyta Maliarchuk,SMB (AM Segment),1035.78,No
ГАЛИЦЬКИЙ КУХОЛЬ В.Великого,114474,Lviv,Mykyta Maliarchuk,SMB (AM Segment),1035.05,No
Mangal Döner,78512,Kyiv,Marina Georgieva,SMB (AM Segment),1034.88,No
БорщBurger Bar,65518,Kyiv,Mykyta Maliarchuk,SMB (AM Segment),1033.63,No
Italist Pizza & Pasta,19816,Kyiv,Stefaniia Oznobishyna,SMB (AM Segment),1029.16,No
Art sushi Героїв Полку Азов,68462,Kyiv,Marina Georgieva,SMB (AM Segment),1019.53,No
RAMEN MO,189433,Lviv,,SMB (AM Segment),1013.86,No
Кримські чебуреки,83534,Vinnytsia,Mykyta Maliarchuk,SMB (AM Segment),1013.84,No
Ресторан MARANI,85017,Lviv,Mykyta Maliarchuk,SMB (AM Segment),1013.55,No
Noodle Doodle Гната Хоткевича,17711,Kyiv,Stefaniia Oznobishyna,SMB (AM Segment),1004.61,No
PARMA Палац спорту,75098,Kharkiv,Mykyta Maliarchuk,SMB (AM Segment),1004.57,No
"РЕСТОРАН ""КАВКАЗЬКИЙ ДІМ"" Кирилівська",116754,Kyiv,Stefaniia Oznobishyna,SMB (AM Segment),1004.2,No
Кафе-Вітальня Папі,125441,Lviv,Stefaniia Oznobishyna,SMB (AM Segment),1003.86,No
NiKo,92526,Kyiv,Stefaniia Oznobishyna,SMB (AM Segment),1000.87,No
ESSEїсти,115504,Kyiv,Mykyta Maliarchuk,SMB (AM Segment),998.17,No
ГОХО,51359,Kharkiv,Mykyta Maliarchuk,SMB (AM Segment),996.29,No
LKF,164301,Vinnytsia,Stefaniia Oznobishyna,SMB (AM Segment),992.37,Yes
Полосатий тунець,119051,Vinnytsia,Marina Georgieva,SMB (AM Segment),990.43,No
LOVEROLL вул. Пекарська,64691,Lviv,Mykyta Maliarchuk,SMB (AM Segment),984.85,No
Truffaldino — піца на дровах,73239,Lviv,Stefaniia Oznobishyna,SMB (AM Segment),984.45,No
Мега булка,35832,Lviv,Mykyta Maliarchuk,SMB (AM Segment),981.45,Yes
Roll Star,91248,Vinnytsia,Mykyta Maliarchuk,SMB (AM Segment),977.86,No
"Ресторан ""Кактус""",65914,Vinnytsia,Stefaniia Oznobishyna,SMB (AM Segment),977.33,No
АППЕТІТО просп. Олександрівський,190910,Kharkiv,Mykyta Maliarchuk,SMB (AM Segment),975.25,No
Просто Кебаб,51933,Lviv,Mykyta Maliarchuk,SMB (AM Segment),971.89,No
BUDUSUSHI Євгена Сверстюка,142617,Kyiv,,SMB (AM Segment),970.3,No
Grande Pizza,134861,Kyiv,Marina Georgieva,SMB (AM Segment),967.23,No
Target cafe Князя Романа,19777,Kyiv,Stefaniia Oznobishyna,SMB (AM Segment),963.24,No
Burger House,113339,Kharkiv,Mykyta Maliarchuk,SMB (AM Segment),957.14,No
Sushi bar Kalifornia вулиця Трамвайна,76705,Vinnytsia,Mykyta Maliarchuk,SMB (AM Segment),953.68,No
Hidden,19047,Kyiv,Stefaniia Oznobishyna,SMB (AM Segment),945.62,No
Кетчупрум Сергія Данченка,118183,Kyiv,Mykyta Maliarchuk,SMB (AM Segment),944.97,No
Vitali pizza,149286,Kyiv,Marina Georgieva,SMB (AM Segment),937.17,No
Chicken Dinner вул. Сагайдачного,104013,Kyiv,Marina Georgieva,SMB (AM Segment),936.41,No
Млинці. Mon Ami Bakery,78124,Kyiv,Marina Georgieva,SMB (AM Segment),934.47,No
Іль-Де-Франс,98378,Vinnytsia,Mykyta Maliarchuk,SMB (AM Segment),934.22,No
Megobari Русанівська Набережна,124062,Kyiv,Marina Georgieva,SMB (AM Segment),933.31,No
КОСМОС,149701,Vinnytsia,Stefaniia Oznobishyna,SMB (AM Segment),932.87,No
Scorini просп. Тракторобудівників,51356,Kharkiv,Marina Georgieva,SMB (AM Segment),931.64,No
BAO,9652,Kyiv,Stefaniia Oznobishyna,SMB (AM Segment),928.91,No
DONAR Полтавський шлях,82782,Kharkiv,Mykyta Maliarchuk,SMB (AM Segment),924.54,No
ГАЛИЦЬКИЙ КУХОЛЬ Чорновола,146586,Lviv,Mykyta Maliarchuk,SMB (AM Segment),921.1,No
Хліб і М'ясо,74033,Vinnytsia,Mykyta Maliarchuk,SMB (AM Segment),918.29,No
MA - Ресторан української кухні,100860,Lviv,Mykyta Maliarchuk,SMB (AM Segment),916.9,No
Улюблений дядя,44748,Kyiv,Nataliia Klymas,SMB (AM Segment),916.47,No
Sushi Story Чорновола,184317,Lviv,Mykyta Maliarchuk,SMB (AM Segment),912.11,No
"Ірландський Паб-Пивоварня ""To-Dublin""",104768,Kyiv,Marina Georgieva,SMB (AM Segment),906.69,No
Express Buffet Зубрівська,84534,Lviv,Mykyta Maliarchuk,SMB (AM Segment),903.18,No
Патрік ПАБ,36393,Lviv,Mykyta Maliarchuk,SMB (AM Segment),899.92,No
Львівські Обіди,82730,Lviv,Mykyta Maliarchuk,SMB (AM Segment),897.03,No
Ресторан «ГОСТІДЗЕ» Золотоустівська,145749,Kyiv,Nataliia Klymas,SMB (AM Segment),895.3,No
ChinaTown Кірпи,122728,Kyiv,Mykyta Maliarchuk,SMB (AM Segment),893.19,Yes
Республіка Саду,114666,Lviv,Mykyta Maliarchuk,SMB (AM Segment),893.18,No
Faine Bistro,72942,Kyiv,Marina Georgieva,SMB (AM Segment),883.62,No
Рестобар Fresh,40617,Lviv,Stefaniia Oznobishyna,SMB (AM Segment),883.38,No
Смакотворці,119480,Kyiv,Stefaniia Oznobishyna,SMB (AM Segment),878.81,No
Вареники ТУТ Кульпарківська,30219,Lviv,Mykyta Maliarchuk,SMB (AM Segment),871.42,No
Бізу Бізу,118963,Kyiv,Stefaniia Oznobishyna,SMB (AM Segment),869.93,No
DÖNER МАРКЕТ пр-т Героїв Харкова,178838,Kharkiv,Mykyta Maliarchuk,SMB (AM Segment),867.33,No
КоролIвська пiцца,110126,Kharkiv,Stefaniia Oznobishyna,SMB (AM Segment),866.92,No
NINO,98518,Kyiv,Marina Georgieva,SMB (AM Segment),856.78,No
Home Coffee,85992,Kyiv,Marina Georgieva,SMB (AM Segment),856.38,No
REEF SUSHI Шота Руставелі,165910,Kyiv,Marina Georgieva,SMB (AM Segment),855.05,No
Shash&lavash,125137,Kharkiv,Marina Georgieva,SMB (AM Segment),851.36,No
Sakura sushi,145312,Lviv,Stefaniia Oznobishyna,SMB (AM Segment),850.35,No
DOGS&BURGERS,185129,Kharkiv,Marina Georgieva,SMB (AM Segment),849.75,No
"Украінське кафе ""Інші""",72373,Lviv,Stefaniia Oznobishyna,SMB (AM Segment),848.48,No
Par Bar Дніпровська набережна,77881,Kyiv,Stefaniia Oznobishyna,SMB (AM Segment),841.22,No
Мʼясобулка,103590,Kharkiv,Mykyta Maliarchuk,SMB (AM Segment),840.68,No
La Frusta,13175,Kyiv,Mykyta Maliarchuk,SMB (AM Segment),838.34,No
Dos Amigos Саксаганського,8293,Kyiv,Mykyta Maliarchuk,SMB (AM Segment),835.68,No
SHASHLIKE,164713,Lviv,Mykyta Maliarchuk,SMB (AM Segment),829.45,No
Big Tasty,93197,Vinnytsia,Mykyta Maliarchuk,SMB (AM Segment),828.84,No
ForRest Meat Club,118162,Lviv,Mykyta Maliarchuk,SMB (AM Segment),826.77,No
Pub Red Cat просп. Олександрівський,132207,Kharkiv,Stefaniia Oznobishyna,SMB (AM Segment),821.53,No
Parmesan,85490,Lviv,Sviatoslav Yurchuk,SMB (AM Segment),818.32,Yes
BRUGGE,48944,Kyiv,Stefaniia Oznobishyna,SMB (AM Segment),817.48,No
WOK.SushiPoint Леся Курбаса,69603,Kyiv,Mykyta Maliarchuk,SMB (AM Segment),815.58,No
Паштет Хрещатик,11258,Kyiv,Nataliia Klymas,SMB (AM Segment),812.53,No
Юнітас,80852,Lviv,Stefaniia Oznobishyna,SMB (AM Segment),808.27,No
Marti,104114,Kharkiv,Stefaniia Oznobishyna,SMB (AM Segment),806.08,No
KOI,51891,Vinnytsia,Stefaniia Oznobishyna,SMB (AM Segment),805.19,No
VINNYTSIA FOOD MARKET,65801,Vinnytsia,Stefaniia Oznobishyna,SMB (AM Segment),795.08,No
Beijing Style,11214,Kyiv,Mykyta Maliarchuk,SMB (AM Segment),794.05,No
SpicyNoSpicy,8937,Kyiv,Mykyta Maliarchuk,SMB (AM Segment),793.98,Yes
